Feature,Coefficient
area,235.96880454139568
bedrooms,76778.70163437817
bathrooms,1094444.7861005974
stories,407476.5949849111
parking,224841.91327662626
mainroad_yes,367919.94767957245
guestroom_yes,231610.03717564975
basement_yes,390251.1761810922
hotwaterheating_yes,684649.8853387911
airconditioning_yes,791426.7358431863
prefarea_yes,629890.56531336
furnishingstatus_semi-furnished,-126881.81758510822
furnishingstatus_unfurnished,-413645.06222822214
